{"name":"12","level":4,"exp":17,"hp":96,"gold":3400,"jobType":1,"gems":[10,11,16],"currentPos":{"x":47.28260040283203,"y":-10.417338371276856,"z":0.11878275871276856},"attackSkillStates":[0,0,0,1,0,0,2,0,0]}