{"name":"fd","level":4,"exp":1,"hp":69,"gold":3000,"jobType":1,"currentPos":{"x":-7.781142234802246,"y":-9.147624969482422,"z":0.0}}