{"name":"기본이","level":1,"exp":0,"hp":100,"gold":2800,"jobType":0,"currentPos":{"x":21.2011775970459,"y":46.23857116699219,"z":0.0}}