{"name":"12","level":3,"exp":13,"hp":98,"gold":3200,"jobType":1,"gems":[10,12,10],"currentPos":{"x":30.092227935791017,"y":-9.147621154785157,"z":0.11878275871276856},"attackSkillStates":[0,0,0,1,0,0,2,0,0]}