{"name":"1234","level":1,"exp":0,"hp":100,"gold":2800,"jobType":0,"currentPos":{"x":6.65687370300293,"y":-5.147621154785156,"z":0.0}}