{"name":"12","level":2,"exp":18,"hp":100,"gold":3200,"jobType":1,"gems":[10,10,10],"currentPos":{"x":3.1269545555114748,"y":45.994510650634769,"z":0.0},"attackSkillStates":[0,0,0,1,0,0,2,0,0]}