{"name":"","level":1,"exp":8,"hp":100,"gold":3050,"jobType":1,"gems":[10,10,10],"currentPos":{"x":-0.16065789759159089,"y":55.68703079223633,"z":0.0},"attackSkillStates":[0,0,0,1,0,0,2,0,0]}