{"name":"기본이","level":3,"exp":27,"hp":100,"gold":3200,"jobType":0,"gems":[10,10,25],"currentPos":{"x":3.140730381011963,"y":46.02119064331055,"z":0.0},"attackSkillStates":[0,0,0,0,0,0,0,0,0]}