{"name":"ff","level":1,"exp":7,"hp":78,"gold":3000,"jobType":1,"gems":[14,10,10],"currentPos":{"x":1.176156997680664,"y":-0.14762011170387269,"z":0.0},"attackSkillStates":[0,0,0,1,0,0,2,0,0]}