{"name":"12","level":4,"exp":15,"hp":96,"gold":3400,"jobType":1,"gems":[11,12,10],"currentPos":{"x":29.541887283325197,"y":-9.143111228942871,"z":0.11878275871276856},"attackSkillStates":[0,0,0,1,0,0,2,0,0]}