{"name":"ff","level":1,"exp":0,"hp":100,"gold":3000,"jobType":1,"gems":[10,10,10],"currentPos":{"x":6.984919309616089e-9,"y":45.99098587036133,"z":0.0},"attackSkillStates":[0,0,0,8,0,0,16,0,0]}