{"name":"12","level":8,"exp":131,"hp":88,"gold":29000,"jobType":1,"gems":[413,18,19],"currentPos":{"x":3.137312889099121,"y":45.995147705078128,"z":0.0},"attackSkillStates":[0,0,0,1,0,0,2,0,0]}